first_name,last_name,description
Ana Cristina,Viera de Melo,"Professora titular no IME-USP, atua em Engenharia de Software, Métodos Formais e Linguagens de Programação. Suas pesquisas incluem automação de regras para programação orientada a objetos e validação de transformações de programas orientados a objetos utilizando o Alloy Analyzer. Contribui para o desenvolvimento de ambientes formais de desenvolvimento de programas."
Cristina,Fernandes,"Professora associada no IME-USP, com doutorado pelo Georgia Institute of Technology. Suas pesquisas envolvem Algoritmos, Otimização Combinatória e Teoria dos Grafos. É membro do grupo de pesquisa em Ciência da Computação Teórica, Combinatória e Otimização Combinatória."
Kelly,Braghetto,"Professora assistente no IME-USP, especializada em Bancos de Dados, Gerenciamento de Fluxo de Trabalho e Métodos Formais. Suas pesquisas incluem modelagem formal e análise de fluxos de trabalho, avaliação de desempenho e integração de dados. Contribui para o desenvolvimento de plataformas de cidades inteligentes escaláveis."
Leliane,Nunes de Barros,"Professora livre-docente no IME-USP, com foco em Inteligência Artificial e Planejamento Automatizado. Suas pesquisas incluem Processos de Decisão de Markov Sensíveis ao Risco e planejamento simbólico para políticas fortemente cíclicas. Contribui para o desenvolvimento de políticas ótimas em processos de decisão com restrições de custo."
Nami,Kobayashi,"Professora aposentada do IME-USP, especializada em Linguagens Formais e Autômatos. Suas pesquisas abordam relações racionais, expressões regulares e funções subsequenciais. Contribuiu significativamente para o ensino e desenvolvimento de teorias formais na computação."
Nina Sumiko,Tomita Hirata,"Professora livre-docente no IME-USP, com doutorado em Ciência da Computação pela USP. Sua pesquisa concentra-se em aprendizado de máquina, reconhecimento de padrões e processamento de imagens, com aplicações em áreas como análise de imagens médicas, reconhecimento de escrita manual e segmentação de documentos."
Renata,Wassermann,"Professora associada no IME-USP, com doutorado pela Universidade de Amsterdã. Suas pesquisas envolvem Inteligência Artificial, Lógica e Representação de Conhecimento. É membro do grupo de pesquisa em Lógica, Inteligência Artificial e Métodos Formais (LIAMF) e pesquisadora no Centro de Inteligência Artificial (C4AI)."
Yoshiko,Wakabayashi,"Professora titular no IME-USP, com doutorado pela Universidade de Augsburg. Suas pesquisas incluem otimização combinatória, teoria dos grafos, algoritmos e combinatória poliedral. Foi premiada com a Ordem Nacional do Mérito Científico e eleita membro da Academia Brasileira de Ciências."
Ada,Lovelace,"Matemática e escritora britânica, considerada a primeira programadora de computadores. Trabalhou com Charles Babbage no projeto da máquina analítica e escreveu notas que descreviam um algoritmo para calcular números de Bernoulli, sendo reconhecida como a primeira pessoa a conceber um algoritmo destinado a ser processado por uma máquina."
Grace,Hopper,"Almirante da Marinha dos EUA e cientista da computação, desenvolveu o primeiro compilador para um computador eletrônico e foi pioneira na criação da linguagem COBOL. Popularizou o termo 'debugging' no contexto de programação."
Radia,Perlman,"Conhecida como a 'mãe da internet', desenvolveu o algoritmo Spanning Tree Protocol (STP), fundamental para a operação das redes Ethernet modernas, permitindo a comunicação eficiente entre dispositivos em redes locais."
Frances,Allen,"Pioneira na otimização de compiladores, desenvolveu técnicas que melhoraram a eficiência dos programas de computador. Foi a primeira mulher a receber o Prêmio Turing, considerado o 'Nobel da computação'."
Barbara,Liskov,"Cientista da computação, desenvolveu o princípio da substituição de Liskov. O ""L"" de SOLID se refere a ela. Liderou o projeto do Argus, um dos primeiros sistemas a implementar transações distribuídas e recuperação automática."
Marissa,Mayer,"Primeira engenheira de software do Google, contribuiu para o desenvolvimento da interface de usuário do Google Search. Posteriormente, foi CEO do Yahoo, liderando a empresa em um período de transformação digital."
Dorothy,Vaughan,"Matemática e programadora da NASA, foi uma das primeiras mulheres afro-americanas a trabalhar como programadora em computadores eletrônicos. Foi pioneira na programação em COBOL."
Sister Mary Kenneth,Keller,Primeira mulher a obter um doutorado em ciência da computação nos Estados Unidos. Contribuiu para a introdução da computação no ensino superior e foi defensora do uso de computadores na educação.
Annie,Easley,"Matemática e cientista da computação, trabalhou na NASA desenvolvendo software para foguetes e sistemas de controle de voo. Foi uma das primeiras mulheres afro-americanas a trabalhar como cientista na NASA."
Margaret,Hamilton,"Engenheira de software na missão Apollo da NASA, desenvolveu o software de controle de voo que foi crucial para o sucesso das missões lunares. Ela é creditada por ter cunhado o termo 'engenharia de software'."
Lynn,Conway,"Cientista da computação, trabalhou no desenvolvimento de computadores eletrônicos e hardware. Foi pioneira na arquitetura de computadores e na programação de sistemas operacionais."
Daphne,Koller,"Cientista da computação israelense-americana, professora na Universidade de Stanford e cofundadora do Coursera, plataforma de educação online. Suas pesquisas incluem aprendizado de máquina, modelos gráficos probabilísticos e suas aplicações em biomedicina. Fundadora e CEO da insitro, empresa que utiliza aprendizado de máquina para descoberta de medicamentos."
Timnit,Gebru,"Pesquisadora em inteligência artificial, ética algorítmica e mineração de dados. Cofundadora do Black in AI, uma iniciativa que promove a inclusão de profissionais negros na área de IA. Fundadora do Distributed Artificial Intelligence Research Institute (DAIR), focado em desenvolver IA ética e acessível. Sua pesquisa destaca os vieses e impactos ambientais de modelos de linguagem em larga escala, defendendo uma abordagem mais equitativa e transparente no desenvolvimento de IA."
Chieko,Asakawa,"Pesquisadora no campo da acessibilidade digital, desenvolveu tecnologias inovadoras como o IBM Home Page Reader, um sistema de navegação na web por voz para deficientes visuais. Seu trabalho contínuo explora como a inteligência artificial pode aumentar a independência de pessoas com deficiências, promovendo uma sociedade mais inclusiva."
Mary Jane,Irwin,"Especialista em arquitetura de computadores, com foco em sistemas embarcados e computação móvel. Sua pesquisa aborda o design de sistemas computacionais com consciência de energia e confiabilidade, além de explorar tecnologias emergentes em sistemas computacionais."
Anita,Borg,"Pioneira na promoção da participação feminina em tecnologia, cofundadora da Grace Hopper Celebration, a maior conferência de mulheres na computação. Fundadora do Instituted for Women and Technology, que mais tarde se tornou o Anita Borg Institute, dedicado a apoiar mulheres na tecnologia."
Reshma,Saujani,"Fundadora do Girls Who Code, uma organização sem fins lucrativos que visa fechar a lacuna de gênero na tecnologia, oferecendo educação em ciência da computação para meninas. Seu trabalho tem sido fundamental para aumentar a participação feminina na área de tecnologia."
Jennifer,Klawe,"Presidente do Harvey Mudd College, com contribuições significativas em matemática e ciência da computação. Seu trabalho inclui análise funcional, matemática discreta, ciência da computação teórica e interação humano-computador. É defensora da inclusão de mulheres e minorias sub-representadas em STEM."
Shafi,Goldwasser,"Premiada com o Prêmio Turing em 2012 por suas contribuições fundamentais à criptografia. Desenvolveu os fundamentos teóricos da criptografia moderna, incluindo provas interativas de conhecimento zero e criptografia probabilística, com aplicações em segurança e privacidade."
Fei-Fei,Li,"Pesquisadora em inteligência artificial, conhecida por seu trabalho no desenvolvimento do ImageNet, um banco de dados visual que impulsionou o avanço do aprendizado profundo. Cofundadora do AI4ALL, uma iniciativa para aumentar a diversidade na IA. Atualmente, lidera a World Labs, focada em inteligência artificial espacial."
Mary,Sieckenius,"Pesquisadora em ciência da computação, com foco em áreas como aprendizado de máquina, processamento de linguagem natural e ética em IA. Seu trabalho contribui para o desenvolvimento de tecnologias de IA mais justas e acessíveis."
